id;content_name;content_type;content;content_description
1;Park parse Checking Account;Bedfordshire Gorgeous Soft Chicken parsing;next generation withdrawal Branding;Small help-desk capacitor
2;Open-source Future-proofed turn-key;wireless;Clothing;Metal
3;Reverse-engineered;RSS 3rd generation Branding;Berkshire;deposit black open-source
4;bypassing;Concrete fuchsia Public-key;Assurance implement;Quality
5;Personal Loan Account Money Market Account;indigo;Concrete Chair Savings Account;Corporate end-to-end
6;Soft;Texas Kyat;Rustic Toys;Home Loan Account Guinea Franc COM
7;seize Ergonomic circuit;Plastic;Unbranded Soft Tuna;Dynamic Bedfordshire
8;monitoring background Lead;Unbranded Wooden Chicken generate;Pre-emptive Cambridgeshire local area network;parsing utilize Forward
9;Guam Concrete value-added;Brand;client-driven Home Loan Account XSS;SDD Fish European Monetary Unit (E.M.U.-6)
10;Licensed;COM mobile;Kids Savings Account Guyana;models Platinum
